FE47385E170DD92F90997EC5F31E592ADA5395F1B90CBEA98B95B8A50F8AD48F,rtl\dea8_acc_store_v3.sv
156EFFCD8C8BA9FA01DFBCE34BFB0832895CD0C37649ECC1A72B8F9E176523AD,rtl\dea8_afifo_v3.sv
6BA2101DE880B9C65514617A6CAC4FC04F144470A32822A1FB51B58A7242E615,rtl\dea8_attention_matrix_v3.sv
43719E91F115FC6E8B3B7D7CC2AFB0A31EF7DF2C89519522B73F90CC83CB1C31,rtl\dea8_attention_scheduler_v3.sv
35A9F2BE62FD30DB3CD1D8FAE26D44FCBAF3D71614FAC4BB035295B64290C101,rtl\dea8_b_loader_v3.sv
9DB8D4F41F2CB3C62CEA0C9FC793087AAF9B7666D016F3383B83BAE508FB682F,rtl\dea8_b_serializer_v3.sv
00BD966E26FB71261DD036A283D71569A53B12A1BF822765176F4321E2260499,rtl\dea8_bfifo_v3.sv
9C1DB3856F305AFF3705DA3D7E13716EA9B69956F52578E4EAA1E8AEE294EF71,rtl\dea8_deqacc32_v3.sv
B9D6B7EA0B7C854AB575DB16BB49169E6530CD7240588A5DDC4F44DEA5A8D69F,rtl\dea8_fp32_v3_pkg.sv
BDD4E3426E7FCCFE23FB1B7F711931161D4991D768E90A6D03977C665BBE6A2C,rtl\dea8_matrix_v3.sv
2A171423B4A6DAF6840F7D20F55A152FA3B2811B09FE7816637A6FADDAA18B79,rtl\dea8_mxu_2row_v3.sv
241DA2CA6104A9513F8F7C94588B8A0C92FDD8B63991F16BF2854E3536890B67,rtl\dea8_pair_store_v3.sv
E49B93C724BDBFBDADEB8C7585AA1330D771169D27BD361DA1BA1A7DF75B8C2F,rtl\dea8_pe_2row_v3.sv
A9D19F3511A3DE23FE1105C899D0E039D615FCA9A637693B05242882EE1696BB,rtl\dea8_projection_v3.sv
89D984F29649E1483C40546FCD3A37F61ACD1D6FF449025876BD9FE2D6B35CE4,rtl\dea8_xbc4_adapter_v3.sv
4D77E1C7B621FA20199A73D32325B4352D5AFC142B2F6E4A21B7B2E05FA6FB32,rtl\pcore3_pkg.sv
530A6698E51F0302C54499A98A1012CEAAA4EF88BB87E4A01F3E68FE0885C764,tb\tb_v3_attention_55.sv
9BBC38CA77AE05796C36BFF05BEA276FB720ECA5E1D53005E8DF866BE3C8E992,tb\tb_v3_attention_matrix.sv
1C3524E0F81D84486B086A8B0AA8AD1A7AB34C6DB96B64EDB7EB316C379E56C7,tb\tb_v3_attention_scheduler.sv
CBE515CDE9E3C5EDCE1449EF9EA20A9CCFF1725EC6A2517CE3E4763AD9099572,tb\tb_v3_attention_system.sv
BAD9BBB0BA723CDC439013835725B9D02A89CCF66600F0B07B06B43FCDB210F3,tb\tb_v3_bfifo_stream.sv
90F9DF70E09F71905F3126E8E6752C95D70C919E7663B9E473464A8E5446C9EF,tb\tb_v3_bpath.sv
F36A04A0623E043E96EA28F232DD21E72B44C22E83A95F91F7FE6D9E0F7841B0,tb\tb_v3_deqacc32.sv
721E0148EF836FE4DAEC63D8A7B46743D225756A87CCFB99F478EC264F23B063,tb\tb_v3_ingress.sv
AF81E27739B24A6BF2EB0BD483339B86834E14A5D5024805EAE48BBC656ECD64,tb\tb_v3_matrix.sv
4BA16C427A2D4CEA36BC02B1DA8436B69A6281BE7622AC4E26293946F3BF1881,tb\tb_v3_pair_store.sv
2B8B5D8FD18EBBD7BBF5C2BB2DB21CBEB6847EC0AB41BE6DCBA718B771DE3ADE,tb\tb_v3_pair_store_regions.sv
25D7217BE5AE4C24BEEC4DEFB227814C8F946126867BB6C7659AFD7139DAC0B8,tb\tb_v3_projection.sv
