"Path","Hash"
"C:\Users\fly04\Desktop\VLA\PCore_2.0\rtl\dea8_a2_fifo.sv","F3B3ECEA85B0D948B0D94BDCDCD3010B130958120524A7840F38A6D51D5D9E10"
"C:\Users\fly04\Desktop\VLA\PCore_2.0\rtl\dea8_a_pair_buffer.sv","549BB12DC45BB42BF579A9D2700F6C42ABBBDEA0E1D04BFE1FC82FED1EE92E2E"
"C:\Users\fly04\Desktop\VLA\PCore_2.0\rtl\dea8_a_tile_reader.sv","35E2AA0230727FC3AE3C3786025469929E604782BFFB99536D27E239E3331DD8"
"C:\Users\fly04\Desktop\VLA\PCore_2.0\rtl\dea8_b_column_loader.sv","216FC9311E133706678767020CD0CDD9B1420D90FF89FFA7371648DD40EC6206"
"C:\Users\fly04\Desktop\VLA\PCore_2.0\rtl\dea8_matrix_engine_2row.sv","D0730B082927FA563F343FDB28A75331DC87ACD0BC7A4DF78BB44001D3E6C053"
"C:\Users\fly04\Desktop\VLA\PCore_2.0\rtl\dea8_matrix_frontend_2row.sv","EEEA90F9A9613CAD24BE7B7807A440CD15B3EBEF15E9FD3DE7058177C266D03F"
"C:\Users\fly04\Desktop\VLA\PCore_2.0\rtl\dea8_mxu_2row.sv","D512AEEE5BE6B573B2164A431E4061F11B50660C47FE4B93C9CF947DA15E57BA"
"C:\Users\fly04\Desktop\VLA\PCore_2.0\rtl\dea8_pe_2row.sv","C15B78E1D822E867AC78BB5448ECC0BDFFC33F1F4680B596DEC77773F0463E99"
"C:\Users\fly04\Desktop\VLA\PCore_2.0\rtl\dea8_w_tile_assembler_pp.sv","12BBCDBB7FF428DC7EC74592C666925B61C3813D2AC1D6D22E98D23A66045922"
"C:\Users\fly04\Desktop\VLA\PCore_2.0\rtl\dea8_xbc_a2_adapter.sv","75F970B5F3860C3EDA88F768F2E41091CE8ED2B42CC99B5793302620FBC092BC"
"C:\Users\fly04\Desktop\VLA\PCore_2.0\rtl\pcore2_fifo.sv","F08A125D6940558C576C8F6088FE729796783761F1C06B133286926429FBA3DE"
"C:\Users\fly04\Desktop\VLA\PCore_2.0\rtl\pcore2_pkg.sv","52705A86C41FE8FF2BE0DBE942B507FC8E2DDAB34BDE5F733953D8158800BE34"
"C:\Users\fly04\Desktop\VLA\PCore_2.0\tb\tb_dea8_a2_fifo.sv","DB953923E57F98D323E5847F1050F4FE5D5768600E27A6F8146CB343EF2672B4"
"C:\Users\fly04\Desktop\VLA\PCore_2.0\tb\tb_dea8_matrix_frontend_2row.sv","80B31210192DC5D0661ED4BAC2760896FCE048286750756BB14FE462337A6A25"
"C:\Users\fly04\Desktop\VLA\PCore_2.0\tb\tb_dea8_mxu_2row.sv","4270C0667D97B4B027F83DE1020621C10F5717546898DD6D313F7F5D7AB398DD"
"C:\Users\fly04\Desktop\VLA\PCore_2.0\tb\tb_dea8_pe_2row.sv","01A306D5196628D2FB79EB0E471975C0BE9212D5DE49F674FF33A4C2B1473A04"
"C:\Users\fly04\Desktop\VLA\PCore_2.0\tb\tb_dea8_w_tile_assembler_pp.sv","41DDE29C58201B8E9792066279D8CCD0CD0D667C5DAD6A0EBB613A8EF2627F23"
