event,op,block,cycle_from_top
matrix_start,0,0,1
matrix_start,0,1,844
matrix_done,0,0,844
vpu_start,0,0,845
vpu_done,0,0,948
sfu_start,0,0,950
sfu_done,0,0,1003
vpu_start,1,0,1005
sfu_start,1,0,1006
sfu_done,1,0,1516
vpu_done,1,0,1518
matrix_start,1,0,1672
matrix_done,0,1,1672
vpu_start,0,1,1673
vpu_done,0,1,1776
sfu_start,0,1,1778
sfu_done,0,1,1831
vpu_start,1,1,1833
sfu_start,1,1,1834
sfu_done,1,1,2344
vpu_done,1,1,2346
matrix_start,0,2,2500
matrix_done,1,0,2500
vpu_start,2,1,2501
vpu_done,2,1,3319
matrix_start,1,1,3328
matrix_done,0,2,3328
vpu_start,0,2,3329
vpu_done,0,2,3432
sfu_start,0,2,3434
sfu_done,0,2,3487
vpu_start,1,2,3489
sfu_start,1,2,3490
sfu_done,1,2,4000
vpu_done,1,2,4002
matrix_start,0,3,4156
matrix_done,1,1,4156
vpu_start,2,2,4157
vpu_done,2,2,4975
matrix_start,1,2,4984
matrix_done,0,3,4984
vpu_start,0,3,4985
vpu_done,0,3,5088
sfu_start,0,3,5090
sfu_done,0,3,5143
vpu_start,1,3,5145
sfu_start,1,3,5146
sfu_done,1,3,5656
vpu_done,1,3,5658
matrix_start,0,4,5812
matrix_done,1,2,5812
vpu_start,2,3,5813
vpu_done,2,3,6631
matrix_start,1,3,6640
matrix_done,0,4,6640
vpu_start,0,4,6641
vpu_done,0,4,6744
sfu_start,0,4,6746
sfu_done,0,4,6799
vpu_start,1,4,6801
sfu_start,1,4,6802
sfu_done,1,4,7312
vpu_done,1,4,7314
matrix_start,0,5,7468
matrix_done,1,3,7468
vpu_start,2,4,7469
vpu_done,2,4,8287
matrix_start,1,4,8296
matrix_done,0,5,8296
vpu_start,0,5,8297
vpu_done,0,5,8400
sfu_start,0,5,8402
sfu_done,0,5,8455
vpu_start,1,5,8457
sfu_start,1,5,8458
sfu_done,1,5,8968
vpu_done,1,5,8970
matrix_start,0,6,9124
matrix_done,1,4,9124
vpu_start,2,5,9125
vpu_done,2,5,9943
matrix_start,1,5,9952
matrix_done,0,6,9952
vpu_start,0,6,9953
vpu_done,0,6,10056
sfu_start,0,6,10058
sfu_done,0,6,10111
vpu_start,1,6,10113
sfu_start,1,6,10114
sfu_done,1,6,10624
vpu_done,1,6,10626
matrix_start,0,7,10780
matrix_done,1,5,10780
vpu_start,2,6,10781
vpu_done,2,6,11599
matrix_start,1,6,11608
matrix_done,0,7,11608
vpu_start,0,7,11609
vpu_done,0,7,11712
sfu_start,0,7,11714
sfu_done,0,7,11767
vpu_start,1,7,11769
sfu_start,1,7,11770
sfu_done,1,7,12280
vpu_done,1,7,12282
matrix_start,0,8,12436
matrix_done,1,6,12436
vpu_start,2,7,12437
vpu_done,2,7,13255
matrix_start,1,7,13264
matrix_done,0,8,13264
vpu_start,0,8,13265
vpu_done,0,8,13368
sfu_start,0,8,13370
sfu_done,0,8,13423
vpu_start,1,8,13425
sfu_start,1,8,13426
sfu_done,1,8,13936
vpu_done,1,8,13938
matrix_start,0,9,14092
matrix_done,1,7,14092
vpu_start,2,8,14093
vpu_done,2,8,14911
matrix_start,1,8,14920
matrix_done,0,9,14920
vpu_start,0,9,14921
vpu_done,0,9,15024
sfu_start,0,9,15026
sfu_done,0,9,15079
vpu_start,1,9,15081
sfu_start,1,9,15082
sfu_done,1,9,15592
vpu_done,1,9,15594
matrix_start,0,10,15748
matrix_done,1,8,15748
vpu_start,2,9,15749
vpu_done,2,9,16567
matrix_start,1,9,16576
matrix_done,0,10,16576
vpu_start,0,10,16577
vpu_done,0,10,16680
sfu_start,0,10,16682
sfu_done,0,10,16735
vpu_start,1,10,16737
sfu_start,1,10,16738
sfu_done,1,10,17248
vpu_done,1,10,17250
matrix_start,0,11,17404
matrix_done,1,9,17404
vpu_start,2,10,17405
vpu_done,2,10,18223
matrix_start,1,10,18232
matrix_done,0,11,18232
vpu_start,0,11,18233
vpu_done,0,11,18336
sfu_start,0,11,18338
sfu_done,0,11,18391
vpu_start,1,11,18393
sfu_start,1,11,18394
sfu_done,1,11,18904
vpu_done,1,11,18906
matrix_start,0,12,19060
matrix_done,1,10,19060
vpu_start,2,11,19061
vpu_done,2,11,19879
matrix_start,1,11,19888
matrix_done,0,12,19888
vpu_start,0,12,19889
vpu_done,0,12,19992
sfu_start,0,12,19994
sfu_done,0,12,20047
vpu_start,1,12,20049
sfu_start,1,12,20050
sfu_done,1,12,20560
vpu_done,1,12,20562
matrix_start,0,13,20716
matrix_done,1,11,20716
vpu_start,2,12,20717
vpu_done,2,12,21535
matrix_start,1,12,21544
matrix_done,0,13,21544
vpu_start,0,13,21545
vpu_done,0,13,21648
sfu_start,0,13,21650
sfu_done,0,13,21703
vpu_start,1,13,21705
sfu_start,1,13,21706
sfu_done,1,13,22216
vpu_done,1,13,22218
matrix_start,0,14,22372
matrix_done,1,12,22372
vpu_start,2,13,22373
vpu_done,2,13,23191
matrix_start,1,13,23200
matrix_done,0,14,23200
vpu_start,0,14,23201
vpu_done,0,14,23304
sfu_start,0,14,23306
sfu_done,0,14,23359
vpu_start,1,14,23361
sfu_start,1,14,23362
sfu_done,1,14,23872
vpu_done,1,14,23874
matrix_start,0,15,24028
matrix_done,1,13,24028
vpu_start,2,14,24029
vpu_done,2,14,24847
matrix_start,1,14,24856
matrix_done,0,15,24856
vpu_start,0,15,24857
vpu_done,0,15,24960
sfu_start,0,15,24962
sfu_done,0,15,25015
vpu_start,1,15,25017
sfu_start,1,15,25018
sfu_done,1,15,25528
vpu_done,1,15,25530
matrix_start,0,16,25684
matrix_done,1,14,25684
vpu_start,2,15,25685
vpu_done,2,15,26503
matrix_start,1,15,26512
matrix_done,0,16,26512
vpu_start,0,16,26513
vpu_done,0,16,26616
sfu_start,0,16,26618
sfu_done,0,16,26671
vpu_start,1,16,26673
sfu_start,1,16,26674
sfu_done,1,16,27184
vpu_done,1,16,27186
matrix_start,0,17,27340
matrix_done,1,15,27340
vpu_start,2,16,27341
vpu_done,2,16,28159
matrix_start,1,16,28168
matrix_done,0,17,28168
vpu_start,0,17,28169
vpu_done,0,17,28272
sfu_start,0,17,28274
sfu_done,0,17,28327
vpu_start,1,17,28329
sfu_start,1,17,28330
sfu_done,1,17,28840
vpu_done,1,17,28842
matrix_start,0,18,28996
matrix_done,1,16,28996
vpu_start,2,17,28997
vpu_done,2,17,29815
matrix_start,1,17,29824
matrix_done,0,18,29824
vpu_start,0,18,29825
vpu_done,0,18,29928
sfu_start,0,18,29930
sfu_done,0,18,29983
vpu_start,1,18,29985
sfu_start,1,18,29986
sfu_done,1,18,30496
vpu_done,1,18,30498
matrix_start,0,19,30652
matrix_done,1,17,30652
vpu_start,2,18,30653
vpu_done,2,18,31471
matrix_start,1,18,31480
matrix_done,0,19,31480
vpu_start,0,19,31481
vpu_done,0,19,31584
sfu_start,0,19,31586
sfu_done,0,19,31639
vpu_start,1,19,31641
sfu_start,1,19,31642
sfu_done,1,19,32152
vpu_done,1,19,32154
matrix_start,0,20,32308
matrix_done,1,18,32308
vpu_start,2,19,32309
vpu_done,2,19,33127
matrix_start,1,19,33136
matrix_done,0,20,33136
vpu_start,0,20,33137
vpu_done,0,20,33240
sfu_start,0,20,33242
sfu_done,0,20,33295
vpu_start,1,20,33297
sfu_start,1,20,33298
sfu_done,1,20,33808
vpu_done,1,20,33810
matrix_start,0,21,33964
matrix_done,1,19,33964
vpu_start,2,20,33965
vpu_done,2,20,34783
matrix_start,1,20,34792
matrix_done,0,21,34792
vpu_start,0,21,34793
vpu_done,0,21,34896
sfu_start,0,21,34898
sfu_done,0,21,34951
vpu_start,1,21,34953
sfu_start,1,21,34954
sfu_done,1,21,35464
vpu_done,1,21,35466
matrix_start,0,22,35620
matrix_done,1,20,35620
vpu_start,2,21,35621
vpu_done,2,21,36439
matrix_start,1,21,36448
matrix_done,0,22,36448
vpu_start,0,22,36449
vpu_done,0,22,36552
sfu_start,0,22,36554
sfu_done,0,22,36607
vpu_start,1,22,36609
sfu_start,1,22,36610
sfu_done,1,22,37120
vpu_done,1,22,37122
matrix_start,0,23,37276
matrix_done,1,21,37276
vpu_start,2,22,37277
vpu_done,2,22,38095
matrix_start,1,22,38104
matrix_done,0,23,38104
vpu_start,0,23,38105
vpu_done,0,23,38208
sfu_start,0,23,38210
sfu_done,0,23,38263
vpu_start,1,23,38265
sfu_start,1,23,38266
sfu_done,1,23,38776
vpu_done,1,23,38778
matrix_start,0,24,38932
matrix_done,1,22,38932
vpu_start,2,23,38933
vpu_done,2,23,39751
matrix_start,1,23,39760
matrix_done,0,24,39760
vpu_start,0,24,39761
vpu_done,0,24,39864
sfu_start,0,24,39866
sfu_done,0,24,39919
vpu_start,1,24,39921
sfu_start,1,24,39922
sfu_done,1,24,40432
vpu_done,1,24,40434
matrix_start,0,25,40588
matrix_done,1,23,40588
vpu_start,2,24,40589
vpu_done,2,24,41407
matrix_start,1,24,41416
matrix_done,0,25,41416
vpu_start,0,25,41417
vpu_done,0,25,41520
sfu_start,0,25,41522
sfu_done,0,25,41575
vpu_start,1,25,41577
sfu_start,1,25,41578
sfu_done,1,25,42088
vpu_done,1,25,42090
matrix_start,0,26,42244
matrix_done,1,24,42244
vpu_start,2,25,42245
vpu_done,2,25,43063
matrix_start,1,25,43072
matrix_done,0,26,43072
vpu_start,0,26,43073
vpu_done,0,26,43176
sfu_start,0,26,43178
sfu_done,0,26,43231
vpu_start,1,26,43233
sfu_start,1,26,43234
sfu_done,1,26,43744
vpu_done,1,26,43746
matrix_start,0,27,43900
matrix_done,1,25,43900
vpu_start,2,26,43901
vpu_done,2,26,44719
matrix_start,1,26,44728
matrix_done,0,27,44728
vpu_start,0,27,44729
vpu_done,0,27,44832
sfu_start,0,27,44834
sfu_done,0,27,44887
vpu_start,1,27,44889
sfu_start,1,27,44890
sfu_done,1,27,45400
vpu_done,1,27,45402
matrix_start,0,28,45556
matrix_done,1,26,45556
vpu_start,2,27,45557
vpu_done,2,27,46375
matrix_start,1,27,46384
matrix_done,0,28,46384
vpu_start,0,28,46385
vpu_done,0,28,46488
sfu_start,0,28,46490
sfu_done,0,28,46543
vpu_start,1,28,46545
sfu_start,1,28,46546
sfu_done,1,28,47056
vpu_done,1,28,47058
matrix_start,0,29,47212
matrix_done,1,27,47212
vpu_start,2,28,47213
vpu_done,2,28,48031
matrix_start,1,28,48040
matrix_done,0,29,48040
vpu_start,0,29,48041
vpu_done,0,29,48144
sfu_start,0,29,48146
sfu_done,0,29,48199
vpu_start,1,29,48201
sfu_start,1,29,48202
sfu_done,1,29,48712
vpu_done,1,29,48714
matrix_start,0,30,48868
matrix_done,1,28,48868
vpu_start,2,29,48869
vpu_done,2,29,49687
matrix_start,1,29,49696
matrix_done,0,30,49696
vpu_start,0,30,49697
vpu_done,0,30,49800
sfu_start,0,30,49802
sfu_done,0,30,49855
vpu_start,1,30,49857
sfu_start,1,30,49858
sfu_done,1,30,50368
vpu_done,1,30,50370
matrix_start,0,31,50524
matrix_done,1,29,50524
vpu_start,2,30,50525
vpu_done,2,30,51343
matrix_start,1,30,51352
matrix_done,0,31,51352
vpu_start,0,31,51353
vpu_done,0,31,51456
sfu_start,0,31,51458
sfu_done,0,31,51511
vpu_start,1,31,51513
sfu_start,1,31,51514
sfu_done,1,31,52024
vpu_done,1,31,52026
matrix_start,0,32,52180
matrix_done,1,30,52180
vpu_start,2,31,52181
vpu_done,2,31,52999
matrix_start,1,31,53008
matrix_done,0,32,53008
vpu_start,0,32,53009
vpu_done,0,32,53112
sfu_start,0,32,53114
sfu_done,0,32,53167
vpu_start,1,32,53169
sfu_start,1,32,53170
sfu_done,1,32,53680
vpu_done,1,32,53682
matrix_start,0,33,53836
matrix_done,1,31,53836
vpu_start,2,32,53837
vpu_done,2,32,54655
matrix_start,1,32,54664
matrix_done,0,33,54664
vpu_start,0,33,54665
vpu_done,0,33,54768
sfu_start,0,33,54770
sfu_done,0,33,54823
vpu_start,1,33,54825
sfu_start,1,33,54826
sfu_done,1,33,55336
vpu_done,1,33,55338
matrix_start,0,34,55492
matrix_done,1,32,55492
vpu_start,2,33,55493
vpu_done,2,33,56311
matrix_start,1,33,56320
matrix_done,0,34,56320
vpu_start,0,34,56321
vpu_done,0,34,56424
sfu_start,0,34,56426
sfu_done,0,34,56479
vpu_start,1,34,56481
sfu_start,1,34,56482
sfu_done,1,34,56992
vpu_done,1,34,56994
matrix_start,0,35,57148
matrix_done,1,33,57148
vpu_start,2,34,57149
vpu_done,2,34,57967
matrix_start,1,34,57976
matrix_done,0,35,57976
vpu_start,0,35,57977
vpu_done,0,35,58080
sfu_start,0,35,58082
sfu_done,0,35,58135
vpu_start,1,35,58137
sfu_start,1,35,58138
sfu_done,1,35,58648
vpu_done,1,35,58650
matrix_start,0,36,58804
matrix_done,1,34,58804
vpu_start,2,35,58805
vpu_done,2,35,59623
matrix_start,1,35,59632
matrix_done,0,36,59632
vpu_start,0,36,59633
vpu_done,0,36,59736
sfu_start,0,36,59738
sfu_done,0,36,59791
vpu_start,1,36,59793
sfu_start,1,36,59794
sfu_done,1,36,60304
vpu_done,1,36,60306
matrix_start,0,37,60460
matrix_done,1,35,60460
vpu_start,2,36,60461
vpu_done,2,36,61279
matrix_start,1,36,61288
matrix_done,0,37,61288
vpu_start,0,37,61289
vpu_done,0,37,61392
sfu_start,0,37,61394
sfu_done,0,37,61447
vpu_start,1,37,61449
sfu_start,1,37,61450
sfu_done,1,37,61960
vpu_done,1,37,61962
matrix_start,0,38,62116
matrix_done,1,36,62116
vpu_start,2,37,62117
vpu_done,2,37,62935
matrix_start,1,37,62944
matrix_done,0,38,62944
vpu_start,0,38,62945
vpu_done,0,38,63048
sfu_start,0,38,63050
sfu_done,0,38,63103
vpu_start,1,38,63105
sfu_start,1,38,63106
sfu_done,1,38,63616
vpu_done,1,38,63618
matrix_start,0,39,63772
matrix_done,1,37,63772
vpu_start,2,38,63773
vpu_done,2,38,64591
matrix_start,1,38,64600
matrix_done,0,39,64600
vpu_start,0,39,64601
vpu_done,0,39,64704
sfu_start,0,39,64706
sfu_done,0,39,64759
vpu_start,1,39,64761
sfu_start,1,39,64762
sfu_done,1,39,65272
vpu_done,1,39,65274
matrix_start,0,40,65428
matrix_done,1,38,65428
vpu_start,2,39,65429
vpu_done,2,39,66247
matrix_start,1,39,66256
matrix_done,0,40,66256
vpu_start,0,40,66257
vpu_done,0,40,66360
sfu_start,0,40,66362
sfu_done,0,40,66415
vpu_start,1,40,66417
sfu_start,1,40,66418
sfu_done,1,40,66928
vpu_done,1,40,66930
matrix_start,0,41,67084
matrix_done,1,39,67084
vpu_start,2,40,67085
vpu_done,2,40,67903
matrix_start,1,40,67912
matrix_done,0,41,67912
vpu_start,0,41,67913
vpu_done,0,41,68016
sfu_start,0,41,68018
sfu_done,0,41,68071
vpu_start,1,41,68073
sfu_start,1,41,68074
sfu_done,1,41,68584
vpu_done,1,41,68586
matrix_start,0,42,68740
matrix_done,1,40,68740
vpu_start,2,41,68741
vpu_done,2,41,69559
matrix_start,1,41,69568
matrix_done,0,42,69568
vpu_start,0,42,69569
vpu_done,0,42,69672
sfu_start,0,42,69674
sfu_done,0,42,69727
vpu_start,1,42,69729
sfu_start,1,42,69730
sfu_done,1,42,70240
vpu_done,1,42,70242
matrix_start,0,43,70396
matrix_done,1,41,70396
vpu_start,2,42,70397
vpu_done,2,42,71215
matrix_start,1,42,71224
matrix_done,0,43,71224
vpu_start,0,43,71225
vpu_done,0,43,71328
sfu_start,0,43,71330
sfu_done,0,43,71383
vpu_start,1,43,71385
sfu_start,1,43,71386
sfu_done,1,43,71896
vpu_done,1,43,71898
matrix_start,0,44,72052
matrix_done,1,42,72052
vpu_start,2,43,72053
vpu_done,2,43,72871
matrix_start,1,43,72880
matrix_done,0,44,72880
vpu_start,0,44,72881
vpu_done,0,44,72984
sfu_start,0,44,72986
sfu_done,0,44,73039
vpu_start,1,44,73041
sfu_start,1,44,73042
sfu_done,1,44,73552
vpu_done,1,44,73554
matrix_start,0,45,73708
matrix_done,1,43,73708
vpu_start,2,44,73709
vpu_done,2,44,74527
matrix_start,1,44,74536
matrix_done,0,45,74536
vpu_start,0,45,74537
vpu_done,0,45,74640
sfu_start,0,45,74642
sfu_done,0,45,74695
vpu_start,1,45,74697
sfu_start,1,45,74698
sfu_done,1,45,75208
vpu_done,1,45,75210
matrix_start,0,46,75364
matrix_done,1,44,75364
vpu_start,2,45,75365
vpu_done,2,45,76183
matrix_start,1,45,76192
matrix_done,0,46,76192
vpu_start,0,46,76193
vpu_done,0,46,76296
sfu_start,0,46,76298
sfu_done,0,46,76351
vpu_start,1,46,76353
sfu_start,1,46,76354
sfu_done,1,46,76864
vpu_done,1,46,76866
matrix_start,0,47,77020
matrix_done,1,45,77020
vpu_start,2,46,77021
vpu_done,2,46,77839
matrix_start,1,46,77848
matrix_done,0,47,77848
vpu_start,0,47,77849
vpu_done,0,47,77952
sfu_start,0,47,77954
sfu_done,0,47,78007
vpu_start,1,47,78009
sfu_start,1,47,78010
sfu_done,1,47,78520
vpu_done,1,47,78522
matrix_start,0,48,78676
matrix_done,1,46,78676
vpu_start,2,47,78677
vpu_done,2,47,79495
matrix_start,1,47,79504
matrix_done,0,48,79504
vpu_start,0,48,79505
vpu_done,0,48,79608
sfu_start,0,48,79610
sfu_done,0,48,79663
vpu_start,1,48,79665
sfu_start,1,48,79666
sfu_done,1,48,80176
vpu_done,1,48,80178
matrix_start,0,49,80332
matrix_done,1,47,80332
vpu_start,2,48,80333
vpu_done,2,48,81151
matrix_start,1,48,81160
matrix_done,0,49,81160
vpu_start,0,49,81161
vpu_done,0,49,81264
sfu_start,0,49,81266
sfu_done,0,49,81319
vpu_start,1,49,81321
sfu_start,1,49,81322
sfu_done,1,49,81832
vpu_done,1,49,81834
matrix_start,0,50,81988
matrix_done,1,48,81988
vpu_start,2,49,81989
vpu_done,2,49,82807
matrix_start,1,49,82816
matrix_done,0,50,82816
vpu_start,0,50,82817
vpu_done,0,50,82920
sfu_start,0,50,82922
sfu_done,0,50,82975
vpu_start,1,50,82977
sfu_start,1,50,82978
sfu_done,1,50,83488
vpu_done,1,50,83490
matrix_start,0,51,83644
matrix_done,1,49,83644
vpu_start,2,50,83645
vpu_done,2,50,84463
matrix_start,1,50,84472
matrix_done,0,51,84472
vpu_start,0,51,84473
vpu_done,0,51,84576
sfu_start,0,51,84578
sfu_done,0,51,84631
vpu_start,1,51,84633
sfu_start,1,51,84634
sfu_done,1,51,85144
vpu_done,1,51,85146
matrix_start,0,52,85300
matrix_done,1,50,85300
vpu_start,2,51,85301
vpu_done,2,51,86119
matrix_start,1,51,86128
matrix_done,0,52,86128
vpu_start,0,52,86129
vpu_done,0,52,86232
sfu_start,0,52,86234
sfu_done,0,52,86287
vpu_start,1,52,86289
sfu_start,1,52,86290
sfu_done,1,52,86800
vpu_done,1,52,86802
matrix_start,0,53,86956
matrix_done,1,51,86956
vpu_start,2,52,86957
vpu_done,2,52,87775
matrix_start,1,52,87784
matrix_done,0,53,87784
vpu_start,0,53,87785
vpu_done,0,53,87888
sfu_start,0,53,87890
sfu_done,0,53,87943
vpu_start,1,53,87945
sfu_start,1,53,87946
sfu_done,1,53,88456
vpu_done,1,53,88458
matrix_start,0,54,88612
matrix_done,1,52,88612
vpu_start,2,53,88613
vpu_done,2,53,89431
matrix_start,1,53,89440
matrix_done,0,54,89440
vpu_start,0,54,89441
vpu_done,0,54,89544
sfu_start,0,54,89546
sfu_done,0,54,89599
vpu_start,1,54,89601
sfu_start,1,54,89602
sfu_done,1,54,90112
vpu_done,1,54,90114
matrix_done,1,53,90268
vpu_start,2,54,90269
vpu_done,2,54,91087
matrix_start,1,54,91096
