"Path","SHA256"
"pcore\rtl\dea8_acc_bank.sv","B878AA981E844E9552518407FFAEFF6491B2116582C2060B1069C35F6BB4316E"
"pcore\rtl\dea8_accumulator_fabric.sv","A9FC881B28A0604604E93162EBAA51CD77687AE890FBF620054797C8623FD6AB"
"pcore\rtl\dea8_accumulator_storage.sv","18C874212097AF5DD0B5631D343D4D9EB928AC6DB1AF24CF9CEDA75C9A819DF9"
"pcore\rtl\dea8_alpha_bank.sv","956C4AC7780BC7E66EA5D7B0729AB7D49D53F62DEB4BF2B63568788C0582B80C"
"pcore\rtl\dea8_attention_buffers.sv","9BF68DC0AF957592DDD785245D23BDD31C79A7D920A115155042553BDBD7EA71"
"pcore\rtl\dea8_attention_core.sv","6A5CD75F2BF52DE5F556F9A2D295A3FC4602597B6A1E5DC8FF3B8A11C38CAE9B"
"pcore\rtl\dea8_attention_ctrl.sv","AA3FDD82409A152A9E2527F9F38266455990E45EAB94CA5258199FBFF98B6F83"
"pcore\rtl\dea8_attention_mask.sv","E42FBD6D939835DA8ED1FCD487BCC52109F1313A23FBA0D5E0B99C97437E8A2E"
"pcore\rtl\dea8_attention_matrix.sv","8AEB88D6AB31C385800E002F6B15F5CAC5F73428346DFF467C994BECA1B3CFEA"
"pcore\rtl\dea8_attention_scheduler.sv","CF6D39394A99EEC52617DD2F219714304FA07C4797DD834C3D66D4AA1F4F8D31"
"pcore\rtl\dea8_attention_state.sv","863B5629554021FAA4B05614AB390A8843B52534F7C8DCD844D8CDABFD33457C"
"pcore\rtl\dea8_attention_storage.sv","B5F8C12DC7D28C2E6AC8680814CA1DE936E3E6C120484233EC18A1059787C197"
"pcore\rtl\dea8_block_job_queue.sv","E2FB785D64A5D63C4670B7E6D82C0277B88F4C84912882D8A1247CC733C36D24"
"pcore\rtl\dea8_deqacc_lane.sv","BB0E6877E2B32BB0DB44E509079C75BA8B789C4BA62F5033A649852B8A5B00B3"
"pcore\rtl\dea8_deqacc.sv","3637A26646BE4D3BE1F35567802C8873818A9F8198C03412B97206552293FE71"
"pcore\rtl\dea8_dualwrite_fifo.sv","0508652BA5315B7CC75B8270B4F0FC2AC50A87FC0F76CAF22F2092204009C8CB"
"pcore\rtl\dea8_fp32_pkg.sv","EE835B6F0ECD9D6DAECE612AA030AEB89362C3CDFCBE1DD7C1E59FA102EDF80A"
"pcore\rtl\dea8_hbm_tile_unpack.sv","719E2D95D23458D6D32F012EEB1B6DD8EBC96FCCF427BBE6F795D639CA78C941"
"pcore\rtl\dea8_job_pkg.sv","A4C017B1E3D666E3E3278AD9FF0E9B3F68D9B3217787403E9DEB1A91A324F320"
"pcore\rtl\dea8_kvb_adapter.sv","4960453398194F18FF80EEF32C8A8C9F2FF1ADACB3A8F4D7343124B738CC9428"
"pcore\rtl\dea8_kvb_stream.sv","360C2555F4526BAD861A6134B30866D9B2BF633002171571858588B297634545"
"pcore\rtl\dea8_matrix_engine.sv","781CA2D15BD1175127B69783572F597121791D3375E5B34E9E3A97669FC933F9"
"pcore\rtl\dea8_matrix_sequencer.sv","146BB703F67A12C3901CDFD9A45FFB63D7CD554502791CEA0F691A8BA9EA9CA9"
"pcore\rtl\dea8_mxu.sv","5C5CB7DCA59E7006CE09DE2EBB8181A1AD5D2386E31886D7BC238CD9F18CA10B"
"pcore\rtl\dea8_oacc_arb.sv","849DCB67C27E04D2A7BA0775E056975BBC483BE9AA531CCF86498F870681E5FA"
"pcore\rtl\dea8_p_result_link.sv","142BA241FAC80F1B036E97C57F2D0D17BBA1BE82C7FD926BDC3B92E535775C43"
"pcore\rtl\dea8_pcore_pkg.sv","B9299EB533EFB750DAA3FB8AF72C88F346ADF704B1D8E389CB7B7F84D5ECD424"
"pcore\rtl\dea8_pcore.f","3F1E266DD94A728A35E285E5C31BF874E7A1AA3CAAAEE8315FBC8F4A01D58589"
"pcore\rtl\dea8_pe.sv","B23C446EB5EA5FBB3711BB1B4F8519D32E24F07B23AB88566D0E8D8D4DF04857"
"pcore\rtl\dea8_qk_engine.sv","553908633AF07A2C0A3F1A994261F71AEB11E53995423CF6313BC146D0DD352E"
"pcore\rtl\dea8_qk_sequencer.sv","8DD44EB550AFEF91EA608F914A9F8A67F26D676D08909F391FB578B1E20E89D2"
"pcore\rtl\dea8_qoz_buffer.sv","FE2FF3D62A8084F04CCF2119662B15617194EE9A701391F02C85C66EB3128CC6"
"pcore\rtl\dea8_stationary_loader.sv","3EA70E64068341209A11298B496D9E82A8EF4BFAB3E9FC94F798141F57D9FEFD"
"pcore\rtl\dea8_stream_fifo.sv","3E1DEA8754F13DB7A2D411D4D9FF1E9427B11D4D7B3D9A27D586D86B13D148B2"
"pcore\rtl\dea8_tile_columns.sv","D1E9CC6F296E59301103A721582EA4FEA0865D895DCCE04C5B5A69FC876A6517"
"pcore\rtl\dea8_w_loader.sv","C5EE4221A908DFFDE6BF0E40F459A56C2AAF63482FCF6A00FA3BEC7B86295E9D"
"pcore\rtl\dea8_xbc_adapter.sv","0376E3374EAF14ECD35962A4F8AF14AE49943B6FDF6CF1DFF02D7DB7F118A869"
"pcore\rtl\run_xsim.ps1","6824F358D684A254654766A57E1E4720C0BE575201A759CA2154AE9623D81CFC"
"pcore\tb\stubs\dea8_behavioral_fp_pkg.sv","B3C656074D1975C9F7D76C58AC8DC8EE7F1D160954C7A136EC01608D4B8AAD92"
"pcore\tb\stubs\dea8_gcore_stub.sv","9326B3229CBB9B040C0E6BCEA19D6CD2ACB335333388898A723046C0FC20053A"
"pcore\tb\stubs\dea8_hbm_stub.sv","DA913AC1F313F35346AF7D9F2503894D6DE6F09750ACED63DD69A34F19C6E183"
"pcore\tb\stubs\dea8_sfu_stub.sv","C070CB74662D00679E8786B820A6214ADA424C87701A14EB1EB11E7F1C133839"
"pcore\tb\stubs\dea8_vpu_stub.sv","3604E68C4389FE7B44BE92A7C23B50F625A9F6C40D6AD4398E836F0B28A9B7E7"
"pcore\tb\tb_dea8_accumulator_fabric.sv","0A11978C7F34B627A7DB32E6DEC1C795B038B9CF5827DC4179F4375831C15DF2"
"pcore\tb\tb_dea8_attention_buffers.sv","4F01D2A5308A60209E2B868301CFE4B753F44711A85D3ADA473FA9566BF4DDBE"
"pcore\tb\tb_dea8_attention_core.sv","BF9C16C61F88E87B50E8D728744F0EECDDD9CC429F9019C728B44827229BEDAB"
"pcore\tb\tb_dea8_attention_ctrl.sv","E1D50D8F659548BD84AE2D626DAA3A7CB1FD0ABC1EBBFFE76B9AC82847C9610B"
"pcore\tb\tb_dea8_attention_matrix.sv","2EDBAE9CB8442A6BBD2EF0A9632039D342C53AC814A6B3C4936844FB0A28252A"
"pcore\tb\tb_dea8_attention_scheduler.sv","C3B3DFB9F6C4C1B9011643FB794F4F1A79366973D66223B5CE62C560B75795B6"
"pcore\tb\tb_dea8_attention_state.sv","D5A92A9F08D08F6B69F264B91CAF7846F27F2A00622F8E4AD41AE4FC9A091DAA"
"pcore\tb\tb_dea8_deqacc.sv","3CEEEFC9D2262ABDDD3AA0A9EE35D5D9AAB45F12C441FB6E22667E8C41EE9C04"
"pcore\tb\tb_dea8_external_stubs.sv","4EEF055D96E807B1549B24F5B0E5F546F673FBF910022D27BD5F00354FE26AF7"
"pcore\tb\tb_dea8_kvb_adapter.sv","434669DEE04B53053794EE24182C99930B43DFBF5931B0D7F7A1885AC11D6AA7"
"pcore\tb\tb_dea8_matrix_engine.sv","17890F298418978507A6F409B38AE131058265882F6E85498D66C1843D804CE8"
"pcore\tb\tb_dea8_mxu.sv","F1BD24DE2F4C2FCC3749DB1288985910A227D70DCCCEAA605A94E322E80DA096"
"pcore\tb\tb_dea8_p_result_link.sv","1443D0E08B432E60868BF19C0810831D782312719533C352D2A2AFCC71965F84"
"pcore\tb\tb_dea8_qk_engine.sv","90FC93DEE7D7FDF8279324E031CF08773C77F86F6C59223863BC858541DF324D"
"pcore\tb\tb_dea8_xbc_adapter.sv","C43601111175E577F5B111BDA480D7F7F27C6F94044F12148B7F97AE723A67B4"
"pcore\tests\generate_attention_vectors.py","12359BEC9D4D6AD67DCF40FC6A1668BB744CA858FEF33DC6B3B932AAA151AF16"
