D5D59EE6C7EBE825DE9297D38189D31F888A65E4019081A75197DAF67260C6FC,rtl\dea8_acc_store_v3.sv
D1B8C8B2F3544651E895F0E8284BEDA7E33C24740C75E8C4646C3FA6CB71D251,rtl\dea8_afifo_v3.sv
9395551E87AEB5E154DD8E5320F57B15AA6AA3B61EDA67CC2078C874861777FF,rtl\dea8_attention_job_adapter_v3.sv
022EF21D2D12DE026C8EE1285AB46DC80FCCB5FE6BF331E5EF326E077CA84E7A,rtl\dea8_attention_matrix_v3.sv
A90AC171C936DF6CA0576D905C4DCF617B2E79597ACA3BF5F511FD01B5FB56B2,rtl\dea8_attention_scheduler_v3.sv
3C074E5B9B1D223D68A3E99378C834D9599A0306F3A045B517F55BFE6C9C6D1F,rtl\dea8_attention_scheduler_v4.sv
35A9F2BE62FD30DB3CD1D8FAE26D44FCBAF3D71614FAC4BB035295B64290C101,rtl\dea8_b_loader_v3.sv
9DB8D4F41F2CB3C62CEA0C9FC793087AAF9B7666D016F3383B83BAE508FB682F,rtl\dea8_b_serializer_v3.sv
BB81698629DBF03067887285A0F940710CEFBF182C1DE07F056DE5F835A9C944,rtl\dea8_bfifo_v3.sv
F3EB363C3C10841C080E8D844B01CD80A33DF24997388DF2A6472FDAE5585D2E,rtl\dea8_deqacc32_v3.sv
811C1881292328FB2D00C73D18FF3C70AA103447FB56309BC5BE5DC6C95F0F52,rtl\dea8_deqacc32_v4.sv
72BD08D33DF0061D90EA3C351BF036533682BCED7C45D5EBEB6A59D5A50918B7,rtl\dea8_fp32_acc_lane_v4.sv
5F3ADE1436F919790E10DB3B8F4A5B1F679A3EA3DF35D5FCBB7511E8FAA66239,rtl\dea8_fp32_add_v2.sv
C2BACF0766BB232A7C64D35FCC5C1CC86E08CCC4283E2ED736439653C2A59269,rtl\dea8_fp32_v3_pkg.sv
0E6E7340BE3349AFD0D6268CDD60D3E32C19513FC495E79EC437266DF79D0F04,rtl\dea8_gu_a_replay_v3.sv
6500FDFBD687A7639746516D2C31D921DAAC0712F43EB4F62132AB73EF9F7391,rtl\dea8_gu_job_adapter_v3.sv
9D7522DB8441CD791A63C7A94F8745786AA069B24BBFBFF1B74E34D90BA31275,rtl\dea8_gu_matrix_v3.sv
4318BBB41EF041B5517E1872DF7B221A377400262A8DFC169FFE70FC3B2ACEF9,rtl\dea8_gu_pair_buffer_v3.sv
1D16EF5CF40FFAB0E768B7530D65B321F6BDE95B02C0294485D263E92227313C,rtl\dea8_gu_scheduler_v3.sv
8A537BD2B19B12EB211DED008D34DD6E3DA1CEE02F40CD33B2F7EC5A947614C5,rtl\dea8_gu_xbc_frontend_v3.sv
862C844FCA980D0198F480C9C7C99E270DA68F308C31588E5E23F32143C59AA5,rtl\dea8_local_a_store_v3.sv
960FA299B8D11EAE3B911FAB83EBFFC00308C90C14AA88152C280B5BEBFF0E25,rtl\dea8_matrix_job_dispatch_v3.sv
5F93E46E6182F18FC3B67150FC511AD1FB46D61D90B6819062F2DF0BF3BDE412,rtl\dea8_matrix_v3.sv
2A171423B4A6DAF6840F7D20F55A152FA3B2811B09FE7816637A6FADDAA18B79,rtl\dea8_mxu_2row_v3.sv
241DA2CA6104A9513F8F7C94588B8A0C92FDD8B63991F16BF2854E3536890B67,rtl\dea8_pair_store_v3.sv
5057354ADEEB5914A986AC9851F986162486123C4E02B94FA7A711CFD05BC264,rtl\dea8_pcore_control_v3.sv
192B480D608478F18B08E330DFB19AD236F61CBE05DAB05BF94A45F522739408,rtl\dea8_pcore_ctrl_v3.sv
AC3D4640BA977CD0F28C3BAA9D8534DE641688CBEC76F93150CF5C7BB7D8B99B,rtl\dea8_pcore_egress_v3.sv
A2C4E246F6328389CA0FEE706055F92B689AF69599ECBBD458076AF881D1B804,rtl\dea8_pcore_exec_v3.sv
EA98149D580CED1DC6ED3EEAD65593918294222E87ED705BA867645F98951439,rtl\dea8_pcore_post_v3.sv
A410045D71FC74ECC0714DB0FA86AB8076FE8430CA511D195285B4CBB378C707,rtl\dea8_pcore_workspace_v3.sv
E49B93C724BDBFBDADEB8C7585AA1330D771169D27BD361DA1BA1A7DF75B8C2F,rtl\dea8_pe_2row_v3.sv
BF475E7BDC053175EF7ECF3207F5CD6641321B278FBC443538A3E9446A482583,rtl\dea8_projection_job_adapter_v3.sv
5DB6CA729A8FA1050A69095942DBC4C904497CCE1DF2DA71C31BDAB775ADEC59,rtl\dea8_projection_v3.sv
17F212FC9C4DA45B4C0FC3E3F1DE4A3194E6A0076F32F705DB99C55CBE19D8FD,rtl\dea8_qoz_manager_v3.sv
B7429BD8034E94E1EAFA0D5F6A008AA62B49250A04A6A40112C624C2D20A5B90,rtl\dea8_qoz_store_v3.sv
89D984F29649E1483C40546FCD3A37F61ACD1D6FF449025876BD9FE2D6B35CE4,rtl\dea8_xbc4_adapter_v3.sv
E5107F5373B04BB39EEC75C22327EDDFEDCB694DD5FF8F731C48F86E2E74E4DF,rtl\DEQACC_3.3ns_lane.sv
100F27809B197D3AE522EFED2C4DD44258EFB0D8E185FD99788003FF070A3B18,rtl\DEQACC_3.3ns_timing_shell.sv
F47248F9B8FF3C1E22971C959ACA460868FF38F3BE772C16E7BA779A381EED00,rtl\DEQACC_3.3ns.sv
6711EEA27AF0D682A2E82E57D42A68B485086613A000CA75CFDF1980E7594F2B,rtl\pcore_control_pkg.sv
B35DAAB6E741AD5B739098A7E5ABD40A8D22753277AF17F3C0363CBC3DB746F3,rtl\pcore3_pkg.sv
FB79F57000F7123AE75D21C3EFD4D1F6CFB0B1EE7DB436AD35A866C5DD61B769,run_control_signoff_v3.ps1
47AE4D726A415676FC72B5FAFF216B192C9C88D96F6EF3E87C9618EC76C054C8,run_control_v3.ps1
FEDBA02A32220AEC583837E25F6B52CEADD4AE9E4EA421E9503A5B4966295271,tb\fp32_legacy_ref_pkg.sv
E2AC1ABC5A498A324D3AD547490928FBB1D906BA295CC9620BBF6C02503CB21D,tb\tb_deqacc32_v5_stream.sv
92F85F1FFF8C145673702F6D58DCCAF409786790C9D25DED35AE6E3CE98B914C,tb\tb_fp32_acc_lane_v5.sv
D99C4EF17205DC6283A880DB29131B913CFDC096234DB4CA47A9674C014F1B1C,tb\tb_v3_acc_overlap.sv
6A156D30AE965E50AAAADE50D2F9909D472A6B12DEEF085DFA8CA7C3EBC50CC9,tb\tb_v3_attention_55.sv
593A54F443BEDD46A0C03BC8FD11C672ED3D96F19347C27CFF362CFA5D7E5496,tb\tb_v3_attention_gu_chain.sv
10E1467DF52CEABAE2B06B2B0106270BF3ACE0D49DD6C3703ECD8020530DC9E1,tb\tb_v3_attention_matrix.sv
0A1F90A79B0395DFA4424A9949E238D34527FB54DB5F371E3F8E12684F3BF588,tb\tb_v3_attention_scheduler.sv
3A1060BA6F685115647527C457A16DE65BFD353C89F346CBE6C842BFBB89FFA9,tb\tb_v3_attention_system.sv
BAD9BBB0BA723CDC439013835725B9D02A89CCF66600F0B07B06B43FCDB210F3,tb\tb_v3_bfifo_stream.sv
90F9DF70E09F71905F3126E8E6752C95D70C919E7663B9E473464A8E5446C9EF,tb\tb_v3_bpath.sv
000845C5E5DD73AD53B60A974EC86051DC52D29431D80C50CD46B5710C9C1F95,tb\tb_v3_deqacc32.sv
0F8D89715B7D565B7F63C1465F2DF333BCAC64C705FC6A56807D44C0D1DBDB1C,tb\tb_v3_fp32_equiv.sv
8F33B4DEAEE87BF4ED30D554531F9232A4A48201FB4A75B6E7F4BC765B389C33,tb\tb_v3_gu_matrix.sv
3A31765794ACD8F3884B1EE7A5102B43CA50F84034EEC0FFD7753D49B6F383EF,tb\tb_v3_gu_scheduler_stress.sv
05EDA19742E01582322CE892B5E3C50AE610605BAEB44645969DF0D83C51F9EB,tb\tb_v3_gu_scheduler.sv
293CF40702F5D0590B55FAC7A0C9CD293B40ACC432995A0397F53C986DFE8C43,tb\tb_v3_gu_xbc_restart.sv
721E0148EF836FE4DAEC63D8A7B46743D225756A87CCFB99F478EC264F23B063,tb\tb_v3_ingress.sv
26470CAF7084137D7B50DCEDD9F8DDE196FDEC653B840C176AC6990DA9EAC27C,tb\tb_v3_local_a_protocol.sv
0F6CDDC173F26C7D2D19A676334E4C85AC9852871100CC8636E8CB46BCC381CE,tb\tb_v3_matrix.sv
2B8B5D8FD18EBBD7BBF5C2BB2DB21CBEB6847EC0AB41BE6DCBA718B771DE3ADE,tb\tb_v3_pair_store_regions.sv
4BA16C427A2D4CEA36BC02B1DA8436B69A6281BE7622AC4E26293946F3BF1881,tb\tb_v3_pair_store.sv
E5FF32BD1A7D149A111729552358FA9E4B5A11794BFAE5B2EC79026626E89DCE,tb\tb_v3_pcore_control_faults.sv
E1F24461F157546268D2F668A5FE0D6DCF163683F5A207D64918EE6A364D99CC,tb\tb_v3_pcore_control_protocol.sv
1AF4F99D114F6368D1A2E8E4F0347336F5B09E05EBF19A2557D597EAC2C1ADA1,tb\tb_v3_pcore_control_v3.sv
34CE587E72F545E0CB1706F0927AA601311AF868623890132BB96715D8E8256F,tb\tb_v3_pcore_job_dispatch.sv
210ED806AC548F9D6C749FB37BC5167862E85FC7F11D314F4FCE40F85302E267,tb\tb_v3_pcore_three_job_chain.sv
4180E378BEA92B3AFC7037A0DD4EB0636648225500DE0A776330E745ED476BF4,tb\tb_v3_projection.sv
AF4A17FBB4AFF2697E1853D356574E64D1C6869DFD046A1EB6FAB315294B7A4B,tb\tb_v3_qoz_double_release.sv
1653392FD1BA0A802B8AD55339DEEE56C572B0972D4189FCA48C0932A9BB104E,tb\tb_v3_qoz_manager.sv
23687D50E854D743CC68C241CD0E3CEFFCA2CF5DBDA806ABC04896ADB9A9D86F,tb\tb_v3_qoz_shared.sv
19D819F5BC32BCFDA4108DD516648EFE036CC53F022614745E3239BD1484C2D5,tb\tb_v3_qoz_stale_write_after_release.sv
6F8B0DBA268DFB152F0587AE5DD4DC87707500E07D6710DCA3C3C3A4A8D39733,v3_all.f
