event,job,cycle_from_top
first_mul,0,918
final_ram_write,0,1742
final_commit,0,1743
block_done,0,1744
first_mul,1,2396
final_ram_write,1,3220
final_commit,1,3221
block_done,1,3222
first_mul,2,3224
final_ram_write,2,4048
final_commit,2,4049
block_done,2,4050
first_mul,3,4052
final_ram_write,3,4876
final_commit,3,4877
block_done,3,4878
first_mul,4,4880
final_ram_write,4,6366
final_commit,4,6367
block_done,4,6368
first_mul,5,6370
final_ram_write,5,7194
final_commit,5,7195
block_done,5,7196
first_mul,6,7198
final_ram_write,6,8022
final_commit,6,8023
block_done,6,8024
first_mul,7,8026
final_ram_write,7,8850
final_commit,7,8851
block_done,7,8852
first_mul,8,8854
final_ram_write,8,9678
final_commit,8,9679
block_done,8,9680
first_mul,9,9682
final_ram_write,9,10506
final_commit,9,10507
block_done,9,10508
first_mul,10,10510
final_ram_write,10,11334
final_commit,10,11335
block_done,10,11336
first_mul,11,11338
final_ram_write,11,12162
final_commit,11,12163
block_done,11,12164
first_mul,12,12166
final_ram_write,12,12990
final_commit,12,12991
block_done,12,12992
first_mul,13,12994
final_ram_write,13,13818
final_commit,13,13819
block_done,13,13820
first_mul,14,13822
final_ram_write,14,14646
final_commit,14,14647
block_done,14,14648
first_mul,15,14650
final_ram_write,15,15474
final_commit,15,15475
block_done,15,15476
first_mul,16,15478
final_ram_write,16,16302
final_commit,16,16303
block_done,16,16304
first_mul,17,16306
final_ram_write,17,17130
final_commit,17,17131
block_done,17,17132
first_mul,18,17134
final_ram_write,18,17958
final_commit,18,17959
block_done,18,17960
first_mul,19,17962
final_ram_write,19,18786
final_commit,19,18787
block_done,19,18788
first_mul,20,18790
final_ram_write,20,19614
final_commit,20,19615
block_done,20,19616
first_mul,21,19618
final_ram_write,21,20442
final_commit,21,20443
block_done,21,20444
first_mul,22,20446
final_ram_write,22,21270
final_commit,22,21271
block_done,22,21272
first_mul,23,21274
final_ram_write,23,22098
final_commit,23,22099
block_done,23,22100
first_mul,24,22102
final_ram_write,24,22926
final_commit,24,22927
block_done,24,22928
first_mul,25,22930
final_ram_write,25,23754
final_commit,25,23755
block_done,25,23756
first_mul,26,23758
final_ram_write,26,24582
final_commit,26,24583
block_done,26,24584
first_mul,27,24586
final_ram_write,27,25410
final_commit,27,25411
block_done,27,25412
first_mul,28,25414
final_ram_write,28,26238
final_commit,28,26239
block_done,28,26240
first_mul,29,26242
final_ram_write,29,27066
final_commit,29,27067
block_done,29,27068
first_mul,30,27070
final_ram_write,30,27894
final_commit,30,27895
block_done,30,27896
first_mul,31,27898
final_ram_write,31,28722
final_commit,31,28723
block_done,31,28724
first_mul,32,28726
final_ram_write,32,29550
final_commit,32,29551
block_done,32,29552
first_mul,33,29554
final_ram_write,33,30378
final_commit,33,30379
block_done,33,30380
first_mul,34,30382
final_ram_write,34,31206
final_commit,34,31207
block_done,34,31208
first_mul,35,31210
final_ram_write,35,32034
final_commit,35,32035
block_done,35,32036
first_mul,36,32038
final_ram_write,36,32862
final_commit,36,32863
block_done,36,32864
first_mul,37,32866
final_ram_write,37,33690
final_commit,37,33691
block_done,37,33692
first_mul,38,33694
final_ram_write,38,34518
final_commit,38,34519
block_done,38,34520
first_mul,39,34522
final_ram_write,39,35346
final_commit,39,35347
block_done,39,35348
first_mul,40,35350
final_ram_write,40,36174
final_commit,40,36175
block_done,40,36176
first_mul,41,36178
final_ram_write,41,37002
final_commit,41,37003
block_done,41,37004
first_mul,42,37006
final_ram_write,42,37830
final_commit,42,37831
block_done,42,37832
first_mul,43,37834
final_ram_write,43,38658
final_commit,43,38659
block_done,43,38660
first_mul,44,38662
final_ram_write,44,39486
final_commit,44,39487
block_done,44,39488
first_mul,45,39490
final_ram_write,45,40314
final_commit,45,40315
block_done,45,40316
first_mul,46,40318
final_ram_write,46,41142
final_commit,46,41143
block_done,46,41144
first_mul,47,41146
final_ram_write,47,41970
final_commit,47,41971
block_done,47,41972
first_mul,48,41974
final_ram_write,48,42798
final_commit,48,42799
block_done,48,42800
first_mul,49,42802
final_ram_write,49,43626
final_commit,49,43627
block_done,49,43628
first_mul,50,43630
final_ram_write,50,44454
final_commit,50,44455
block_done,50,44456
first_mul,51,44458
final_ram_write,51,45282
final_commit,51,45283
block_done,51,45284
first_mul,52,45286
final_ram_write,52,46110
final_commit,52,46111
block_done,52,46112
first_mul,53,46114
final_ram_write,53,46938
final_commit,53,46939
block_done,53,46940
first_mul,54,46942
final_ram_write,54,47766
final_commit,54,47767
block_done,54,47768
first_mul,55,47770
final_ram_write,55,48594
final_commit,55,48595
block_done,55,48596
first_mul,56,48598
final_ram_write,56,49422
final_commit,56,49423
block_done,56,49424
first_mul,57,49426
final_ram_write,57,50250
final_commit,57,50251
block_done,57,50252
first_mul,58,50254
final_ram_write,58,51078
final_commit,58,51079
block_done,58,51080
first_mul,59,51082
final_ram_write,59,51906
final_commit,59,51907
block_done,59,51908
first_mul,60,51910
final_ram_write,60,52734
final_commit,60,52735
block_done,60,52736
first_mul,61,52738
final_ram_write,61,53562
final_commit,61,53563
block_done,61,53564
first_mul,62,53566
final_ram_write,62,54390
final_commit,62,54391
block_done,62,54392
first_mul,63,54394
final_ram_write,63,55218
final_commit,63,55219
block_done,63,55220
first_mul,64,55222
final_ram_write,64,56046
final_commit,64,56047
block_done,64,56048
first_mul,65,56050
final_ram_write,65,56874
final_commit,65,56875
block_done,65,56876
first_mul,66,56878
final_ram_write,66,57702
final_commit,66,57703
block_done,66,57704
first_mul,67,57706
final_ram_write,67,58530
final_commit,67,58531
block_done,67,58532
first_mul,68,58534
final_ram_write,68,59358
final_commit,68,59359
block_done,68,59360
first_mul,69,59362
final_ram_write,69,60186
final_commit,69,60187
block_done,69,60188
first_mul,70,60190
final_ram_write,70,61014
final_commit,70,61015
block_done,70,61016
first_mul,71,61018
final_ram_write,71,61842
final_commit,71,61843
block_done,71,61844
first_mul,72,61846
final_ram_write,72,62670
final_commit,72,62671
block_done,72,62672
first_mul,73,62674
final_ram_write,73,63498
final_commit,73,63499
block_done,73,63500
first_mul,74,63502
final_ram_write,74,64326
final_commit,74,64327
block_done,74,64328
first_mul,75,64330
final_ram_write,75,65154
final_commit,75,65155
block_done,75,65156
first_mul,76,65158
final_ram_write,76,65982
final_commit,76,65983
block_done,76,65984
first_mul,77,65986
final_ram_write,77,66810
final_commit,77,66811
block_done,77,66812
first_mul,78,66814
final_ram_write,78,67638
final_commit,78,67639
block_done,78,67640
first_mul,79,67642
final_ram_write,79,68466
final_commit,79,68467
block_done,79,68468
first_mul,80,68470
final_ram_write,80,69294
final_commit,80,69295
block_done,80,69296
first_mul,81,69298
final_ram_write,81,70122
final_commit,81,70123
block_done,81,70124
first_mul,82,70126
final_ram_write,82,70950
final_commit,82,70951
block_done,82,70952
first_mul,83,70954
final_ram_write,83,71778
final_commit,83,71779
block_done,83,71780
first_mul,84,71782
final_ram_write,84,72606
final_commit,84,72607
block_done,84,72608
first_mul,85,72610
final_ram_write,85,73434
final_commit,85,73435
block_done,85,73436
first_mul,86,73438
final_ram_write,86,74262
final_commit,86,74263
block_done,86,74264
first_mul,87,74266
final_ram_write,87,75090
final_commit,87,75091
block_done,87,75092
first_mul,88,75094
final_ram_write,88,75918
final_commit,88,75919
block_done,88,75920
first_mul,89,75922
final_ram_write,89,76746
final_commit,89,76747
block_done,89,76748
first_mul,90,76750
final_ram_write,90,77574
final_commit,90,77575
block_done,90,77576
first_mul,91,77578
final_ram_write,91,78402
final_commit,91,78403
block_done,91,78404
first_mul,92,78406
final_ram_write,92,79230
final_commit,92,79231
block_done,92,79232
first_mul,93,79234
final_ram_write,93,80058
final_commit,93,80059
block_done,93,80060
first_mul,94,80062
final_ram_write,94,80886
final_commit,94,80887
block_done,94,80888
first_mul,95,80890
final_ram_write,95,81714
final_commit,95,81715
block_done,95,81716
first_mul,96,81718
final_ram_write,96,82542
final_commit,96,82543
block_done,96,82544
first_mul,97,82546
final_ram_write,97,83370
final_commit,97,83371
block_done,97,83372
first_mul,98,83374
final_ram_write,98,84198
final_commit,98,84199
block_done,98,84200
first_mul,99,84202
final_ram_write,99,85026
final_commit,99,85027
block_done,99,85028
first_mul,100,85030
final_ram_write,100,85854
final_commit,100,85855
block_done,100,85856
first_mul,101,85858
final_ram_write,101,86682
final_commit,101,86683
block_done,101,86684
first_mul,102,86686
final_ram_write,102,87510
final_commit,102,87511
block_done,102,87512
first_mul,103,87514
final_ram_write,103,88338
final_commit,103,88339
block_done,103,88340
first_mul,104,88342
final_ram_write,104,89166
final_commit,104,89167
block_done,104,89168
first_mul,105,89170
final_ram_write,105,89994
final_commit,105,89995
block_done,105,89996
first_mul,106,89998
final_ram_write,106,90822
final_commit,106,90823
block_done,106,90824
first_mul,107,90826
final_ram_write,107,91650
final_commit,107,91651
block_done,107,91652
first_mul,108,91654
final_ram_write,108,92478
final_commit,108,92479
block_done,108,92480
first_mul,109,92482
final_ram_write,109,93306
final_commit,109,93307
block_done,109,93308
