26C860DF91156CA5C1719A2CF7D773DEAC486461C3215E69169811B1763A0DF8,core_clock.xdc
EC709A96D8C86DADEECBAF0897D9D8A9BC4BEABD45B1E8857FEFCBE08E04E48F,rtl\dea8_acc_store_v3.sv
156EFFCD8C8BA9FA01DFBCE34BFB0832895CD0C37649ECC1A72B8F9E176523AD,rtl\dea8_afifo_v3.sv
84A534EB6F998379EDA8C7648CF92AC93DDE3A23F054AEEB221CCC20F200305C,rtl\dea8_attention_matrix_v3.sv
43719E91F115FC6E8B3B7D7CC2AFB0A31EF7DF2C89519522B73F90CC83CB1C31,rtl\dea8_attention_scheduler_v3.sv
35A9F2BE62FD30DB3CD1D8FAE26D44FCBAF3D71614FAC4BB035295B64290C101,rtl\dea8_b_loader_v3.sv
9DB8D4F41F2CB3C62CEA0C9FC793087AAF9B7666D016F3383B83BAE508FB682F,rtl\dea8_b_serializer_v3.sv
00BD966E26FB71261DD036A283D71569A53B12A1BF822765176F4321E2260499,rtl\dea8_bfifo_v3.sv
20AB35390C2EB52CF713E738FEBC544A8794EA8CC3A5F07C9C53F33B044BAEA9,rtl\dea8_deqacc32_v3.sv
5F3ADE1436F919790E10DB3B8F4A5B1F679A3EA3DF35D5FCBB7511E8FAA66239,rtl\dea8_fp32_add_v2.sv
1342AD6A1E3453857C0F64ED332DA2EC8756E5D43B0A1E967C26FACEE9D2B774,rtl\dea8_fp32_v3_pkg.sv
349F6DCF26640383FD0F897F965B873C2039254744482B0AA0D8A7C0767D8143,rtl\dea8_local_a_store_v3.sv
6C60ECC7289655B3A96E3347B3C5EA71464AA2BE141F03740E122A3C6D9B05B8,rtl\dea8_matrix_v3.sv
2A171423B4A6DAF6840F7D20F55A152FA3B2811B09FE7816637A6FADDAA18B79,rtl\dea8_mxu_2row_v3.sv
241DA2CA6104A9513F8F7C94588B8A0C92FDD8B63991F16BF2854E3536890B67,rtl\dea8_pair_store_v3.sv
E49B93C724BDBFBDADEB8C7585AA1330D771169D27BD361DA1BA1A7DF75B8C2F,rtl\dea8_pe_2row_v3.sv
2FA58CCB1D376D2E54E3BA464EA72DDC06A87F1C30D616F67BB1223D191DABB8,rtl\dea8_projection_v3.sv
89D984F29649E1483C40546FCD3A37F61ACD1D6FF449025876BD9FE2D6B35CE4,rtl\dea8_xbc4_adapter_v3.sv
299EADE19E946E51E99C462E6C0AB0CB991B8FBD31C18C2A3637D8645EEB700E,rtl\pcore3_pkg.sv
C763A91A0ED0BAC0E170234EDC6DF155F7C17F094F34B84AD05556DFC32A6696,synth_v3_ooc.tcl
29E8B32346151FFB0811EAB8CF7E461FFFEE8A2F6B27E8C795F4E479E710214A,v3_all.f
