stage,startpoint,endpoint,logic_ns,route_ns,total_ns,slack_ns
D0_abs_lead,rsp_q_reg[psum][1][7][2]/C,core/magnitude_q_reg[1][7][lead][1]/D,0.663,1.524,2.187,1.794
D1_normalize,rsp_q_reg[psum][0][10][2]/C,core/s0_reg[0][10][is_zero]_srl2/D,0.744,1.118,1.862,2.056
D2_partial_prepare,core/s0_reg[1][11][exponent][1]/C,core/s1_reg[1][11][increment]/D,0.816,1.664,2.480,1.501
D3_partial_response,core/s1_reg[1][11][increment]/C,core/s2_reg[1][11][partial][11]/D,0.748,1.347,2.095,1.886
D4_order,core/s2_reg[0][0][partial][25]/C,core/genblk1[0].lanes[0].lane/order_q_reg[distance][7]/D,0.776,1.438,2.214,1.767
D5_align,core/s2_reg[0][0][partial][25]/C,core/genblk1[0].lanes[0].lane/align_q_reg[pre][exponent][6]_srl2/D,0.590,1.397,1.987,1.931
D6_add_coarse,core/genblk1[0].lanes[0].lane/align_q_reg[pre][subtract]/C,core/genblk1[0].lanes[0].lane/raw_q_reg[nonzero_group][2]/D,0.511,0.656,1.167,2.814
D7_control,core/genblk1[0].lanes[0].lane/raw_q_reg[nonzero_group][2]/C,core/genblk1[0].lanes[0].lane/control_q_reg[exponent][8]/D,0.863,1.630,2.493,1.488
D8_normalize,core/genblk1[0].lanes[0].lane/control_q_reg[shift][3]/C,core/genblk1[0].lanes[0].lane/norm_q_reg[norm][sum_norm][19]/D,0.362,0.762,1.124,2.857
D9_pack,core/genblk1[0].lanes[0].lane/norm_q_reg[norm][sum_norm][1]/C,core/genblk1[0].lanes[0].lane/result_value_reg[28]/D,0.656,1.039,1.695,2.286
D10_store,core/context_q_reg[1][meta][add_old]/C,core/acc_store/banks[2].parity[0].ram/mem_reg_0/ENARDEN,0.369,1.431,1.800,1.832
